{"episode_lengths": [708, 802, 804, 1011], "episode_types": ["t", "t", "t", "t", "t"], "timestamps": [1532888982.0787864, 1532888986.9953806, 1532888991.4749732, 1532888996.6642985], "initial_reset_timestamp": 1532888976.8561337, "episode_rewards": [2660.0, 3700.0, 3700.0, 3770.0]}